{
	"einthoven_ii": {
		"sitting": [
			[
				99.28571428571429,
				139,
				1,
				1
			],
			[
				94.53551912568307,
				173,
				1,
				10
			],
			[
				98.65771812080537,
				147,
				0,
				2
			],
			[
				99.33333333333333,
				149,
				1,
				1
			],
			[
				90.54054054054053,
				134,
				5,
				14
			],
			[
				97.05882352941177,
				165,
				1,
				5
			],
			[
				92.35668789808918,
				145,
				1,
				12
			],
			[
				98.15950920245399,
				160,
				1,
				3
			],
			[
				99.3421052631579,
				151,
				0,
				1
			],
			[
				91.47727272727273,
				161,
				1,
				15
			],
			[
				98.0392156862745,
				150,
				0,
				3
			],
			[
				100.0,
				119,
				41,
				0
			],
			[
				91.63179916317992,
				219,
				0,
				20
			],
			[
				98.20359281437125,
				164,
				1,
				3
			],
			[
				100.0,
				143,
				1,
				0
			],
			[
				91.25,
				146,
				0,
				14
			],
			[
				100.0,
				141,
				1,
				0
			],
			[
				99.28057553956835,
				138,
				1,
				1
			],
			[
				90.5511811023622,
				115,
				0,
				12
			],
			[
				99.33333333333333,
				149,
				2,
				1
			],
			[
				98.83040935672514,
				169,
				1,
				2
			],
			[
				95.8041958041958,
				137,
				0,
				6
			],
			[
				99.46236559139786,
				185,
				1,
				1
			],
			[
				91.94630872483222,
				137,
				1,
				12
			],
			[
				93.38235294117648,
				127,
				0,
				9
			]
		],
		"maths": [
			[
				99.3006993006993,
				142,
				1,
				1
			],
			[
				97.45762711864407,
				230,
				1,
				6
			],
			[
				97.5609756097561,
				160,
				1,
				4
			],
			[
				99.46808510638297,
				187,
				0,
				1
			],
			[
				97.91666666666666,
				188,
				2,
				4
			],
			[
				92.81045751633987,
				142,
				4,
				11
			],
			[
				95.6989247311828,
				178,
				0,
				8
			],
			[
				96.7741935483871,
				150,
				0,
				5
			],
			[
				92.41706161137441,
				195,
				0,
				16
			],
			[
				95.42483660130719,
				146,
				2,
				7
			],
			[
				100.0,
				134,
				2,
				0
			],
			[
				92.19858156028369,
				260,
				0,
				22
			],
			[
				97.10982658959537,
				168,
				1,
				5
			],
			[
				100.0,
				149,
				0,
				0
			],
			[
				99.46524064171123,
				186,
				3,
				1
			],
			[
				100.0,
				141,
				1,
				0
			],
			[
				98.64864864864865,
				146,
				1,
				2
			],
			[
				92.66666666666666,
				139,
				1,
				11
			],
			[
				99.41520467836257,
				170,
				2,
				1
			],
			[
				95.16129032258065,
				177,
				1,
				9
			],
			[
				91.78082191780823,
				134,
				1,
				12
			],
			[
				91.57894736842105,
				174,
				0,
				16
			],
			[
				98.95833333333334,
				190,
				1,
				2
			],
			[
				92.14285714285714,
				129,
				1,
				11
			]
		],
		"walking": [
			[
				98.7878787878788,
				163,
				3,
				2
			],
			[
				99.51923076923077,
				207,
				3,
				1
			],
			[
				92.0,
				161,
				0,
				14
			],
			[
				92.44186046511628,
				159,
				3,
				13
			],
			[
				95.55555555555556,
				172,
				3,
				8
			],
			[
				92.81437125748504,
				155,
				0,
				12
			],
			[
				93.33333333333333,
				168,
				1,
				12
			],
			[
				97.89473684210527,
				186,
				1,
				4
			],
			[
				90.82125603864735,
				188,
				3,
				19
			],
			[
				94.31818181818183,
				166,
				4,
				10
			],
			[
				82.75862068965517,
				120,
				91,
				25
			],
			[
				91.91176470588235,
				250,
				0,
				22
			],
			[
				90.85714285714286,
				159,
				1,
				16
			],
			[
				100.0,
				160,
				0,
				0
			],
			[
				98.98989898989899,
				196,
				3,
				2
			],
			[
				97.51552795031056,
				157,
				8,
				4
			],
			[
				100.0,
				168,
				1,
				0
			],
			[
				92.08633093525181,
				128,
				2,
				11
			],
			[
				92.65536723163842,
				164,
				26,
				13
			],
			[
				91.14583333333334,
				175,
				24,
				17
			],
			[
				91.61290322580645,
				142,
				1,
				13
			],
			[
				91.75257731958763,
				178,
				1,
				16
			],
			[
				78.89447236180904,
				157,
				47,
				42
			],
			[
				94.03973509933775,
				142,
				1,
				9
			]
		],
		"hand_bike": [
			[
				96.02272727272727,
				169,
				12,
				7
			],
			[
				98.46938775510205,
				193,
				1,
				3
			],
			[
				96.55172413793103,
				224,
				7,
				8
			],
			[
				98.80239520958084,
				165,
				1,
				2
			],
			[
				90.42553191489363,
				170,
				31,
				18
			],
			[
				93.78238341968913,
				181,
				11,
				12
			],
			[
				96.75324675324676,
				149,
				1,
				5
			],
			[
				99.43820224719101,
				177,
				0,
				1
			],
			[
				91.87817258883248,
				181,
				1,
				16
			],
			[
				94.11764705882352,
				160,
				3,
				10
			],
			[
				98.57142857142858,
				138,
				10,
				2
			],
			[
				84.70588235294117,
				216,
				22,
				39
			],
			[
				92.3076923076923,
				156,
				1,
				13
			],
			[
				99.36708860759494,
				157,
				2,
				1
			],
			[
				98.95833333333334,
				190,
				4,
				2
			],
			[
				99.29577464788733,
				141,
				3,
				1
			],
			[
				100.0,
				152,
				0,
				0
			],
			[
				92.85714285714286,
				117,
				1,
				9
			],
			[
				98.125,
				157,
				1,
				3
			],
			[
				98.34254143646409,
				178,
				0,
				3
			],
			[
				99.3421052631579,
				151,
				1,
				1
			],
			[
				94.87179487179486,
				185,
				3,
				10
			],
			[
				91.83673469387756,
				180,
				10,
				16
			],
			[
				92.61744966442953,
				138,
				1,
				11
			]
		],
		"jogging": [
			[
				95.65217391304348,
				242,
				13,
				11
			],
			[
				93.17269076305222,
				232,
				3,
				17
			],
			[
				78.03030303030303,
				206,
				46,
				58
			],
			[
				91.77631578947368,
				279,
				15,
				25
			],
			[
				92.50814332247556,
				284,
				2,
				23
			],
			[
				92.83018867924528,
				246,
				0,
				19
			],
			[
				96.46017699115043,
				218,
				6,
				8
			],
			[
				93.43434343434343,
				185,
				7,
				13
			],
			[
				90.63670411985018,
				242,
				15,
				25
			]
		]
	},
	"chest_strap_V2_V1": {
		"sitting": [
			[
				93.57142857142857,
				131,
				14,
				9
			],
			[
				98.36065573770492,
				180,
				94,
				3
			],
			[
				99.32432432432432,
				147,
				1,
				1
			],
			[
				99.33333333333333,
				149,
				1,
				1
			],
			[
				100.0,
				148,
				2,
				0
			],
			[
				99.41176470588235,
				169,
				1,
				1
			],
			[
				99.36305732484077,
				156,
				1,
				1
			],
			[
				97.5609756097561,
				160,
				0,
				4
			],
			[
				99.33774834437085,
				150,
				2,
				1
			],
			[
				97.17514124293785,
				172,
				0,
				5
			],
			[
				100.0,
				153,
				1,
				0
			],
			[
				0.0,
				0,
				220,
				119
			],
			[
				96.65271966527197,
				231,
				1,
				8
			],
			[
				100.0,
				168,
				2,
				0
			],
			[
				91.6083916083916,
				131,
				131,
				12
			],
			[
				93.08176100628931,
				148,
				1,
				11
			],
			[
				99.29078014184397,
				140,
				2,
				1
			],
			[
				100.0,
				139,
				1,
				0
			],
			[
				100.0,
				127,
				124,
				0
			],
			[
				92.0,
				138,
				0,
				12
			],
			[
				100.0,
				171,
				1,
				0
			],
			[
				95.1048951048951,
				136,
				0,
				7
			],
			[
				100.0,
				187,
				0,
				0
			],
			[
				91.94630872483222,
				137,
				106,
				12
			],
			[
				91.11111111111111,
				123,
				2,
				12
			]
		],